{
  "dataset_size": 11429,
  "phishing_ratio": 0.5,
  "classification_report": {
    "legit": {
      "precision": 0.8712374581939799,
      "recall": 0.9116360454943132,
      "f1-score": 0.8909790508764429,
      "support": 1143.0
    },
    "phishing": {
      "precision": 0.9073394495412844,
      "recall": 0.8652668416447944,
      "f1-score": 0.8858038513210926,
      "support": 1143.0
    },
    "accuracy": 0.8884514435695539,
    "macro avg": {
      "precision": 0.8892884538676322,
      "recall": 0.8884514435695539,
      "f1-score": 0.8883914510987678,
      "support": 2286.0
    },
    "weighted avg": {
      "precision": 0.8892884538676322,
      "recall": 0.8884514435695539,
      "f1-score": 0.8883914510987678,
      "support": 2286.0
    }
  },
  "feature_importances": {
    "nb_www": 0.1665,
    "longest_word_length_path": 0.0885,
    "ratio_digits_url": 0.0868,
    "length_url": 0.0791,
    "nb_slash": 0.0695,
    "length_hostname": 0.0657,
    "nb_hyphens": 0.0616,
    "avg_word_length_path": 0.0605,
    "nb_dots": 0.0507,
    "ratio_digits_host": 0.0503,
    "nb_subdomains": 0.0459,
    "nb_qm": 0.0348,
    "brand_not_in_domain": 0.0288,
    "nb_underscore": 0.0233,
    "nb_eq": 0.0229,
    "nb_com": 0.0177,
    "uses_https": 0.0159,
    "suspicious_tld": 0.0079,
    "prefix_suffix": 0.0062,
    "brand_in_subdomain": 0.0054,
    "nb_and": 0.0046,
    "nb_percent": 0.0032,
    "nb_at": 0.0019,
    "shortening_service": 0.001,
    "has_ip": 0.0005,
    "has_port": 0.0004,
    "https_token_in_path": 0.0002,
    "punycode": 0.0
  }
}